{
  "Rank-1": 0.8525641025641025,
  "Rank-5": 0.967948717948718,
  "Rank-10": 0.9743589743589743,
  "mAP": 0.827797670209866,
  "num_queries": 156,
  "epoch": 37
}