{
  "Rank-1": 0.8910256410256411,
  "Rank-5": 0.967948717948718,
  "Rank-10": 0.967948717948718,
  "mAP": 0.8163793002597565,
  "num_queries": 156
}