{
  "Rank-1": 0.9358974358974359,
  "Rank-5": 0.967948717948718,
  "Rank-10": 0.9871794871794872,
  "mAP": 0.8085182703798639,
  "num_queries": 156,
  "epoch": "N/A",
  "model_type": "Kaggle trained (768-dim fusion)"
}