{
  "Rank-1": 0.8653846153846154,
  "Rank-5": 0.967948717948718,
  "Rank-10": 0.9743589743589743,
  "mAP": 0.8267016486439827,
  "num_queries": 156,
  "epoch": 37,
  "model_type": "Kaggle trained (768-dim fusion)"
}